spcabond,spca
spcaship,spca
spcabird,spca
spcawolf,spca
spcalion,spca
spcatree,spca
spcarose,spca
spcawind,spca
spcastar,spca
spcamoon,spca
spcalake,spca
spcahill,spca
spcarock,spca
spcaleaf,spca
spcasnow,spca
spcarain,spca
spcawave,spca
spcafire,spca
spcadawn,spca
spcadusk,spca
spcapine,spca
spcafern,spca
spcafish,spca
spcabear,spca
spcadeer,spca
spcaduck,spca
spcahawk,spca
spcacrab,spca
spcaseal,spca
spcamint,spca
spcbbond,spcb
spcbship,spcb
spcbbird,spcb
spcbwolf,spcb
spcblion,spcb
spcbtree,spcb
spcbrose,spcb
spcbwind,spcb
spcbstar,spcb
spcbmoon,spcb
spcblake,spcb
spcbhill,spcb
spcbrock,spcb
spcbleaf,spcb
spcbsnow,spcb
spcbrain,spcb
spcbwave,spcb
spcbfire,spcb
spcbdawn,spcb
spcbdusk,spcb
spcbpine,spcb
spcbfern,spcb
spcbfish,spcb
spcbbear,spcb
spcbdeer,spcb
spcbduck,spcb
spcbhawk,spcb
spcbcrab,spcb
spcbseal,spcb
spcbmint,spcb
redabond,reda
redaship,reda
redabird,reda
redawolf,reda
redalion,reda
redatree,reda
redarose,reda
redawind,reda
redastar,reda
redamoon,reda
redalake,reda
redahill,reda
redbbond,redb
redbship,redb
redbbird,redb
redbwolf,redb
redblion,redb
redbtree,redb
redbrose,redb
redbwind,redb
redbstar,redb
redbmoon,redb
redblake,redb
redbhill,redb
redbrock,redb
redbleaf,redb
redbsnow,redb
redbrain,redb
redbwave,redb
redbfire,redb
bluabond,blua
bluaship,blua
bluabird,blua
bluawolf,blua
blualion,blua
bluatree,blua
bluarose,blua
bluawind,blua
bluastar,blua
bluamoon,blua
blualake,blua
bluahill,blua
bluarock,blua
blualeaf,blua
blubbond,blub
blubship,blub
blubbird,blub
blubwolf,blub
blublion,blub
blubtree,blub
blubrose,blub
blubwind,blub
blubstar,blub
blubmoon,blub
blublake,blub
blubhill,blub
blubrock,blub
blubleaf,blub
blubsnow,blub
blubrain,blub
blubwave,blub
blubfire,blub
blubdawn,blub
blubdusk,blub
blubpine,blub
grnabond,grna
grnaship,grna
grnabird,grna
grnawolf,grna
grnalion,grna
grnatree,grna
grnarose,grna
grnawind,grna
grnastar,grna
grnamoon,grna
grnalake,grna
grnahill,grna
grnarock,grna
grnaleaf,grna
grnasnow,grna
grnbbond,grnb
grnbship,grnb
grnbbird,grnb
grnbwolf,grnb
grnblion,grnb
grnbtree,grnb
grnbrose,grnb
grnbwind,grnb
grnbstar,grnb
grnbmoon,grnb
grnblake,grnb
grnbhill,grnb
grnbrock,grnb
grnbleaf,grnb
grnbsnow,grnb
grnbrain,grnb
grnbwave,grnb
grnbfire,grnb
grnbdawn,grnb
grnbdusk,grnb
